published_utc,retrieved_date,source,title,url,id_key
2025-08-14,2025-08-14,European Securities and Markets Authority,ESMA publishes data for quarterly bond liquidity assessment,https://www.esma.europa.eu/press-news/esma-news/esma-publishes-data-quarterly-bond-liquidity-assessment-0,https://www.esma.europa.eu/press-news/esma-news/esma-publishes-data-quarterly-bond-liquidity-assessment-0
2025-08-14,2025-08-14,European Securities and Markets Authority,ESMA prepares for switch toward single volume cap in October 2025,https://www.esma.europa.eu/press-news/esma-news/esma-prepares-switch-toward-single-volume-cap-october-2025,https://www.esma.europa.eu/press-news/esma-news/esma-prepares-switch-toward-single-volume-cap-october-2025
2025-08-14,2025-08-14,European Securities and Markets Authority,New Q&As available,https://www.esma.europa.eu/press-news/esma-news/new-qas-available-23,https://www.esma.europa.eu/press-news/esma-news/new-qas-available-23
2025-08-14,2025-08-14,European Securities and Markets Authority,ESMA publishes latest edition of its newsletter,https://www.esma.europa.eu/press-news/esma-news/esma-publishes-latest-edition-its-newsletter-39,https://www.esma.europa.eu/press-news/esma-news/esma-publishes-latest-edition-its-newsletter-39
2025-08-14,2025-08-14,European Securities and Markets Authority,ESAs publish a guide on DORA Oversight activities,https://www.esma.europa.eu/press-news/esma-news/esas-publish-guide-dora-oversight-activities,https://www.esma.europa.eu/press-news/esma-news/esas-publish-guide-dora-oversight-activities
2025-08-14,2025-08-14,European Securities and Markets Authority,Knowledge and competence of staff providing information on crypto-assets – ESMA criteria published,https://www.esma.europa.eu/press-news/esma-news/knowledge-and-competence-staff-providing-information-crypto-assets-esma,https://www.esma.europa.eu/press-news/esma-news/knowledge-and-competence-staff-providing-information-crypto-assets-esma
2025-08-14,2025-08-14,European Securities and Markets Authority,Investors should consider risks of unregulated products offered by regulated crypto assets entities,https://www.esma.europa.eu/press-news/esma-news/investors-should-consider-risks-unregulated-products-offered-regulated-crypto,https://www.esma.europa.eu/press-news/esma-news/investors-should-consider-risks-unregulated-products-offered-regulated-crypto
2025-08-14,2025-08-14,European Securities and Markets Authority,ESMA identifies future and potential data contributors for the equity CTP,https://www.esma.europa.eu/press-news/esma-news/esma-identifies-future-and-potential-data-contributors-equity-ctp,https://www.esma.europa.eu/press-news/esma-news/esma-identifies-future-and-potential-data-contributors-equity-ctp
2025-08-14,2025-08-14,European Securities and Markets Authority,ESMA identifies opportunities to strengthen MiCA authorisations,https://www.esma.europa.eu/press-news/esma-news/esma-identifies-opportunities-strengthen-mica-authorisations,https://www.esma.europa.eu/press-news/esma-news/esma-identifies-opportunities-strengthen-mica-authorisations
2025-08-14,2025-08-14,European Securities and Markets Authority,ESMA publishes its first Climate Transition Plan,https://www.esma.europa.eu/press-news/esma-news/esma-publishes-its-first-climate-transition-plan,https://www.esma.europa.eu/press-news/esma-news/esma-publishes-its-first-climate-transition-plan
2025-08-14,2025-08-14,ECB - European Central Bank,Results of the June 2025 Survey on credit terms and conditions in euro-denominated securities financing and OTC derivatives markets (SESFOD),https://www.ecb.europa.eu//press/pr/date/2025/html/ecb.pr250731~6f8d492141.en.html,https://www.ecb.europa.eu//press/pr/date/2025/html/ecb.pr250731~6f8d492141.en.html
2025-08-14,2025-08-14,ECB - European Central Bank,New data release: ECB wage tracker continues to show easing wage pressures,https://www.ecb.europa.eu//press/pr/date/2025/html/ecb.pr250730~a2ed7e7d9e.en.html,https://www.ecb.europa.eu//press/pr/date/2025/html/ecb.pr250730~a2ed7e7d9e.en.html
2025-08-14,2025-08-14,ECB - European Central Bank,ECB to adapt collateral framework to address climate-related transition risks,https://www.ecb.europa.eu//press/pr/date/2025/html/ecb.pr250729_1~02d753a029.en.html,https://www.ecb.europa.eu//press/pr/date/2025/html/ecb.pr250729_1~02d753a029.en.html
2025-08-14,2025-08-14,ECB - European Central Bank,ECB Consumer Expectations Survey results – June 2025,https://www.ecb.europa.eu//press/pr/date/2025/html/ecb.pr250729~82889eb4f8.en.html,https://www.ecb.europa.eu//press/pr/date/2025/html/ecb.pr250729~82889eb4f8.en.html
2025-08-14,2025-08-14,ECB - European Central Bank,Piero Cipollone: Interview with Delo,https://www.ecb.europa.eu//press/inter/date/2025/html/ecb.in250726~89d25a9d7f.en.html,https://www.ecb.europa.eu//press/inter/date/2025/html/ecb.in250726~89d25a9d7f.en.html
2025-08-14,2025-08-14,ECB - European Central Bank,Decisions taken by the Governing Council of the ECB (in addition to decisions setting interest rates),https://www.ecb.europa.eu//press/govcdec/otherdec/2025/html/ecb.gc250725~7913f7a897.en.html,https://www.ecb.europa.eu//press/govcdec/otherdec/2025/html/ecb.gc250725~7913f7a897.en.html
2025-08-14,2025-08-14,ECB - European Central Bank,ECB appoints Isabel Vansteenkiste as Counsellor to President Lagarde,https://www.ecb.europa.eu//press/pr/date/2025/html/ecb.pr250725_2~6509f4f965.en.html,https://www.ecb.europa.eu//press/pr/date/2025/html/ecb.pr250725_2~6509f4f965.en.html
2025-08-14,2025-08-14,ECB - European Central Bank,Results of the ECB Survey of Professional Forecasters for the third quarter of 2025,https://www.ecb.europa.eu//press/pr/date/2025/html/ecb.pr250725~2c8aaa2009.en.html,https://www.ecb.europa.eu//press/pr/date/2025/html/ecb.pr250725~2c8aaa2009.en.html
2025-08-14,2025-08-14,ECB - European Central Bank,Christine Lagarde, Luis de Guindos: Monetary policy statement (with Q&A),https://www.ecb.europa.eu//press/press_conference/monetary-policy-statement/2025/html/ecb.is250724~a66e730494.en.html,https://www.ecb.europa.eu//press/press_conference/monetary-policy-statement/2025/html/ecb.is250724~a66e730494.en.html
2025-08-14,2025-08-14,ECB - European Central Bank,Monetary policy decisions,https://www.ecb.europa.eu//press/pr/date/2025/html/ecb.mp250724~50bc70e13f.en.html,https://www.ecb.europa.eu//press/pr/date/2025/html/ecb.mp250724~50bc70e13f.en.html
2025-08-14,2025-08-14,ECB - European Central Bank,July 2025 euro area bank lending survey,https://www.ecb.europa.eu//press/pr/date/2025/html/ecb.pr250722~17414c3656.en.html,https://www.ecb.europa.eu//press/pr/date/2025/html/ecb.pr250722~17414c3656.en.html
2025-08-14,2025-08-14,ECB - European Central Bank,Survey on the Access to Finance of Enterprises: firms report lower interest rates amid pressures arising from trade tensions,https://www.ecb.europa.eu//press/pr/date/2025/html/ecb.pr250721~10dbeea4c7.en.html,https://www.ecb.europa.eu//press/pr/date/2025/html/ecb.pr250721~10dbeea4c7.en.html
2025-08-14,2025-08-14,ECB - European Central Bank,ECB publishes third progress report on the digital euro preparation phase,https://www.ecb.europa.eu//press/pr/date/2025/html/ecb.pr250716~463e72bbcb.en.html,https://www.ecb.europa.eu//press/pr/date/2025/html/ecb.pr250716~463e72bbcb.en.html
2025-08-14,2025-08-14,ECB - European Central Bank,ECB launches design contest for future euro banknotes,https://www.ecb.europa.eu//press/pr/date/2025/html/ecb.pr250715~39f757470b.en.html,https://www.ecb.europa.eu//press/pr/date/2025/html/ecb.pr250715~39f757470b.en.html
2025-08-14,2025-08-14,ECB - European Central Bank,Piero Cipollone: The digital euro: legal tender in the digital age,https://www.ecb.europa.eu//press/key/date/2025/html/ecb.sp250714~437cfc6a51.en.html,https://www.ecb.europa.eu//press/key/date/2025/html/ecb.sp250714~437cfc6a51.en.html
2025-08-14,2025-08-14,Financial Conduct Authority (FCA),Beware car finance scam calls, FCA warns,https://www.fca.org.uk/news/news-stories/beware-car-finance-scam-calls-fca-warns,153426
2025-08-14,2025-08-14,Financial Conduct Authority (FCA),Leveraging the non-bank sector – in good times and bad,https://www.fca.org.uk/news/blogs/leveraging-non-bank-sector-good-times-and-bad,153331
2025-08-14,2025-08-14,Financial Conduct Authority (FCA),FCA shares feedback on the new standard setting body for open banking,https://www.fca.org.uk/news/news-stories/fca-shares-feedback-new-standard-setting-body-open-banking,153301
2025-08-14,2025-08-14,Financial Conduct Authority (FCA),FCA secures convictions against individual for £1.3m Ponzi scheme,https://www.fca.org.uk/news/press-releases/fca-secures-convictions-individual-ponzi-scheme,153311
2025-08-14,2025-08-14,Financial Conduct Authority (FCA),FCA sets out changes to payment safeguarding rules,https://www.fca.org.uk/news/press-releases/payment-safeguarding-rules-changes,153156
2025-08-14,2025-08-14,Financial Conduct Authority (FCA),FCA update on ‘all or nothing’ investment fraud case,https://www.fca.org.uk/news/statements/fca-update-all-or-nothing-investment-fraud-case,153016
2025-08-14,2025-08-14,Financial Conduct Authority (FCA),FCA issues fines of nearly £46m for failures managing the Woodford Equity Income Fund,https://www.fca.org.uk/news/press-releases/fca-fines-over-woodford-equity-income-fund,153046
2025-08-14,2025-08-14,Financial Conduct Authority (FCA),FCA to consult on motor finance compensation scheme,https://www.fca.org.uk/news/press-releases/fca-consult-motor-finance-compensation-scheme,152981
2025-08-14,2025-08-14,Financial Conduct Authority (FCA),FCA to consult on a compensation scheme for motor finance customers,https://www.fca.org.uk/news/statements/fca-consult-compensation-scheme-motor-finance-customers,152976
2025-08-14,2025-08-14,Financial Conduct Authority (FCA),FCA reaction to Supreme Court motor finance judgment,https://www.fca.org.uk/news/statements/fca-reaction-supreme-court-motor-finance-judgment,152961
2025-08-14,2025-08-14,Financial Conduct Authority (FCA),FCA opens retail access to crypto ETNs,https://www.fca.org.uk/news/press-releases/fca-opens-retail-access-crypto-etns,152936
2025-08-14,2025-08-14,Financial Conduct Authority (FCA),AI Live Testing: The use of AI in UK financial markets - from promise to practice,https://www.fca.org.uk/news/blogs/ai-live-testing-use-ai-uk-financial-markets-promise-practice,152831
2025-08-14,2025-08-14,Financial Conduct Authority (FCA),FCA fines Sigma Broking Limited for transaction reporting failures,https://www.fca.org.uk/news/press-releases/fca-fines-sigma-broking-limited-transaction-reporting-failures,152926
2025-08-14,2025-08-14,Financial Conduct Authority (FCA),FCA seeks improvement to digital loan processes,https://www.fca.org.uk/news/press-releases/fca-seeks-improvement-digital-loan-processes,152841
2025-08-14,2025-08-14,Financial Conduct Authority (FCA),FCA acts over alleged £23 million unauthorised collective investment scheme,https://www.fca.org.uk/news/press-releases/fca-acts-alleged-23-million-unauthorised-collective-investment-scheme,152821
2025-08-14,2025-08-14,Financial Conduct Authority (FCA),FCA appoints Liam Coleman as interim chair of the Financial Ombudsman Service,https://www.fca.org.uk/news/press-releases/fca-appoints-liam-coleman-interim-chair-financial-ombudsman-service,152726
2025-08-14,2025-08-14,Financial Conduct Authority (FCA),Discontinuance of FCA proceedings against Tom Hayes and revocation of Carlo Palombo’s prohibition order,https://www.fca.org.uk/news/statements/discontinuance-proceedings-tom-hayes-revocation-carlo-palombos-prohibition-order,152766
2025-08-14,2025-08-14,Financial Conduct Authority (FCA),H2O Deputy CEO fined £1m and banned from financial services for deliberately misleading FCA,https://www.fca.org.uk/news/press-releases/h2o-deputy-ceo-fined-1m-banned-financial-services-misleading-fca,152646
2025-08-14,2025-08-14,Financial Conduct Authority (FCA),FCA helps unlock market access for UK and Swiss firms,https://www.fca.org.uk/news/news-stories/unlock-market-access-uk-swiss-firms,152601
2025-08-14,2025-08-14,Financial Conduct Authority (FCA),Fund Ourselves Limited enters administration,https://www.fca.org.uk/news/news-stories/fund-ourselves-limited-enters-administration,152611
2025-08-14,2025-08-14,Glassnode Insights - On-Chain Market Intelligence,A Rising Tide Lifts All Boats,https://insights.glassnode.com/the-week-onchain-week-32-2025/,689b6f6abaf5670001375c18
2025-08-14,2025-08-14,Glassnode Insights - On-Chain Market Intelligence,BTC Market Pulse: Week 33,https://insights.glassnode.com/btc-market-pulse-week-33/,6899fafec08a8b0001cbba1b
2025-08-14,2025-08-14,Glassnode Insights - On-Chain Market Intelligence,Post-ATH Indecisiveness,https://insights.glassnode.com/the-week-onchain-week-31-2025/,68934c44c08a8b0001cbb8d3
2025-08-14,2025-08-14,Glassnode Insights - On-Chain Market Intelligence,BTC Market Pulse: Week 32,https://insights.glassnode.com/btc-market-pulse-week-31-2/,6891f75ac08a8b0001cbb8be
2025-08-14,2025-08-14,Glassnode Insights - On-Chain Market Intelligence,Weekend Stress Test,https://insights.glassnode.com/the-week-onchain-week-30-2025/,6888d55a6d4f79000128314b
2025-08-14,2025-08-14,Glassnode Insights - On-Chain Market Intelligence,BTC Market Pulse: Week 31,https://insights.glassnode.com/btc-market-pulse-week-31/,68878dff82d8d50001cfc728
2025-08-14,2025-08-14,Glassnode Insights - On-Chain Market Intelligence,Froth and Speculation,https://insights.glassnode.com/the-week-onchain-week-29-2025/,6880d25282d8d50001cfc51c
2025-08-14,2025-08-14,Glassnode Insights - On-Chain Market Intelligence,Market Pulse: Week 30,https://insights.glassnode.com/btc-market-pulse-week-30/,687e82a682d8d50001cfc4f9
2025-08-14,2025-08-14,Glassnode Insights - On-Chain Market Intelligence,Coinbase + Glassnode: Charting Crypto Q3 2025,https://insights.glassnode.com/coinbase-glassnode-charting-crypto-q3-2025/,6878e1b3f28ad10001fb06d4
2025-08-14,2025-08-14,Glassnode Insights - On-Chain Market Intelligence,Price Discovery,https://insights.glassnode.com/the-week-onchain-week-28-2025/,6877ad7cf28ad10001fb068a
2025-08-14,2025-08-14,Glassnode Insights - On-Chain Market Intelligence,Market Pulse: Week 29,https://insights.glassnode.com/market-pulse-week-29/,67ed0cf189385b0001e4d16e
2025-08-14,2025-08-14,Glassnode Insights - On-Chain Market Intelligence,Volatility Tightens,https://insights.glassnode.com/the-week-onchain-week-27-2025/,686fbac48cb7880001a0dae1
2025-08-14,2025-08-14,Glassnode Insights - On-Chain Market Intelligence,BTC Market Pulse: Week 28,https://insights.glassnode.com/btc-market-pulse-week-28/,686bd98f1b3d28000159eb26
2025-08-14,2025-08-14,Glassnode Insights - On-Chain Market Intelligence,Inferring Leveraged Positioning from Price and Open Interest,https://insights.glassnode.com/leverage-position-openings-and-closures/,685a5a2f53a2920001b07971
2025-08-14,2025-08-14,Glassnode Insights - On-Chain Market Intelligence,A Return to Profitability,https://insights.glassnode.com/the-week-onchain-week-26-2025/,6863c53619266300017707a3
2025-08-14,2025-08-14,The Defiant,DeFi Lending Market Hits $100 Billion,https://thedefiant.io/news/defi/defi-lending-market-hits-usd100-billion,https://thedefiant.io/news/defi/defi-lending-market-hits-usd100-billion
2025-08-14,2025-08-14,The Defiant,Maple Launches Yield-Bearing Stablecoin Collateral on Perps DEX Drift,https://thedefiant.io/news/defi/maple-finance-launches-yield-bearing-syrupusdc-collateral-for-perps-on-drift,https://thedefiant.io/news/defi/maple-finance-launches-yield-bearing-syrupusdc-collateral-for-perps-on-drift
2025-08-14,2025-08-14,The Defiant,Circle’s Arc Layer 1 Re-ignites the Open Versus Permissioned Chain Debate,https://thedefiant.io/news/blockchains/circle-s-arc-layer-1-re-ignites-the-open-versus-permissioned-chain-debate,https://thedefiant.io/news/blockchains/circle-s-arc-layer-1-re-ignites-the-open-versus-permissioned-chain-debate
2025-08-14,2025-08-14,The Defiant,UNI Rallies in Anticipation of Fee Switch,https://thedefiant.io/news/defi/uni-rallies-in-anticipation-of-fee-switch,https://thedefiant.io/news/defi/uni-rallies-in-anticipation-of-fee-switch
2025-08-14,2025-08-14,The Defiant,Crypto Markets Rally as Ethereum Nears All-Time High,https://thedefiant.io/news/markets/crypto-markets-rally-as-ethereum-nears-all-time-high,https://thedefiant.io/news/markets/crypto-markets-rally-as-ethereum-nears-all-time-high
2025-08-14,2025-08-14,The Defiant,ALT5 Shares Dropped 26% After Firm Revealed Plans to Create $1.5B WLFI Treasury,https://thedefiant.io/news/tradfi-and-fintech/alt5-sigma-shares-dropped-after-wlfi-treasury-announcement,https://thedefiant.io/news/tradfi-and-fintech/alt5-sigma-shares-dropped-after-wlfi-treasury-announcement
2025-08-14,2025-08-14,The Defiant,Heritage Distillery to Create First IP Treasury with $220M PIPE Deal,https://thedefiant.io/news/tradfi-and-fintech/heritage-distilling-to-create-first-ip-treasury-with-usd220m-pipe-deal,https://thedefiant.io/news/tradfi-and-fintech/heritage-distilling-to-create-first-ip-treasury-with-usd220m-pipe-deal
2025-08-14,2025-08-14,The Defiant,Crypto Exchange Bullish Raises $1.1 Billion in Upsized NYSE IPO,https://thedefiant.io/news/cefi/crypto-exchange-bullish-raises-1-1-billion-upsized-nyse-ipo-7d7a9834,https://thedefiant.io/news/cefi/crypto-exchange-bullish-raises-1-1-billion-upsized-nyse-ipo-7d7a9834
2025-08-14,2025-08-14,The Defiant,OKX to Burn 65 Million OKB and Cap Supply at 21 Million, Spurring Price Rally,https://thedefiant.io/news/cefi/okx-to-burn-65-million-okb-cap-supply-21-million-spurring-price-rally-4f56ab35,https://thedefiant.io/news/cefi/okx-to-burn-65-million-okb-cap-supply-21-million-spurring-price-rally-4f56ab35
2025-08-14,2025-08-14,The Defiant,Coinbase Relaunches Stablecoin Fund to Boost DeFi Liquidity,https://thedefiant.io/news/defi/coinbase-relaunches-stablecoin-fund-to-boost-defi-liquidity-279dcbff,https://thedefiant.io/news/defi/coinbase-relaunches-stablecoin-fund-to-boost-defi-liquidity-279dcbff
2025-08-14,2025-08-14,The Defiant,Ethereum Researcher Released in Turkey, Donates $500K to Roman Storm’s Legal Defense,https://thedefiant.io/news/people/fedes-intern-released-in-turkey-donates-usd500k-to-roman-storm-defense,https://thedefiant.io/news/people/fedes-intern-released-in-turkey-donates-usd500k-to-roman-storm-defense
2025-08-14,2025-08-14,The Defiant,MARA Holdings to Acquire 64% Stake in EDF’s Exaion for $168 Million in AI and HPC Deal Closing Late 2025,https://thedefiant.io/news/blockchains/marathon-digital-holdings-to-acquire-64-stake-edfs-exaion-168-million-ai-hpc-ce49fba1,https://thedefiant.io/news/blockchains/marathon-digital-holdings-to-acquire-64-stake-edfs-exaion-168-million-ai-hpc-ce49fba1
2025-08-14,2025-08-14,The Defiant,Moonbirds Cross 3 ETH on Token Speculation,https://thedefiant.io/news/nfts-and-web3/moonbirds-cross-3-eth-on-token-speculation,https://thedefiant.io/news/nfts-and-web3/moonbirds-cross-3-eth-on-token-speculation
2025-08-14,2025-08-14,The Defiant,Crypto Markets Mostly Flat, While ETH Surges Toward 2021 Highs,https://thedefiant.io/news/markets/crypto-markets-mostly-flat-while-eth-trades-near-2021-levels,https://thedefiant.io/news/markets/crypto-markets-mostly-flat-while-eth-trades-near-2021-levels
2025-08-14,2025-08-14,The Defiant,Terraform’s Do Kwon Pleads Guilty in $40B TerraUSD Fraud Case,https://thedefiant.io/news/regulation/terraforms-kwon-pleads-guilty-40-b-terrausd-fraud-case-5a4d8b1a,https://thedefiant.io/news/regulation/terraforms-kwon-pleads-guilty-40-b-terrausd-fraud-case-5a4d8b1a
2025-08-14,2025-08-14,The Defiant,Solana Treasury Holder Upexi Names BitMEX Founder Arthur Hayes as Adviser,https://thedefiant.io/news/blockchains/solana-treasury-holder-upexi-names-bitmex-founder-arthur-hayes-adviser-138597f6,https://thedefiant.io/news/blockchains/solana-treasury-holder-upexi-names-bitmex-founder-arthur-hayes-adviser-138597f6
2025-08-14,2025-08-14,The Defiant,Circle Unveils ARC Layer 1 Network for Stablecoins,https://thedefiant.io/news/blockchains/circle-unveils-arc-layer-1-network-stablecoins-b95bcb77,https://thedefiant.io/news/blockchains/circle-unveils-arc-layer-1-network-stablecoins-b95bcb77
2025-08-14,2025-08-14,The Defiant,SharpLink Gaming Raises $400 Million to Lift Ethereum Treasury Above $3 Billion,https://thedefiant.io/news/blockchains/sharplink-gaming-raises-400-million-to-lift-ethereum-treasury-above-3-billion-65dde8f7,https://thedefiant.io/news/blockchains/sharplink-gaming-raises-400-million-to-lift-ethereum-treasury-above-3-billion-65dde8f7
2025-08-14,2025-08-14,The Defiant,Ethereum ETFs Draw Record $1 Billion in One Day,https://thedefiant.io/news/markets/ethereum-etfs-draw-record-1-billion-one-day-88ee19cb,https://thedefiant.io/news/markets/ethereum-etfs-draw-record-1-billion-one-day-88ee19cb
2025-08-14,2025-08-14,The Defiant,Etherex on Linea Crosses $120 Million TVL Mark Through (3,3) Mechanism,https://thedefiant.io/news/defi/etherex-on-linea-crosses-usd120-million-tvl-mark-through-3-3-mechanism,https://thedefiant.io/news/defi/etherex-on-linea-crosses-usd120-million-tvl-mark-through-3-3-mechanism
2025-08-14,2025-08-14,The Defiant,US Subsidiary of Early Chinese Game Dev Snail Digital Explores Stablecoin,https://thedefiant.io/news/tradfi-and-fintech/us-subsidiary-of-early-chinese-game-dev-snail-digital-explores-stablecoin,https://thedefiant.io/news/tradfi-and-fintech/us-subsidiary-of-early-chinese-game-dev-snail-digital-explores-stablecoin
2025-08-14,2025-08-14,The Defiant,Paxos Seeks OCC Charter to Become National Trust Bank,https://thedefiant.io/news/regulation/paxos-seeks-occ-charter-to-national-trust-bank-546546d9,https://thedefiant.io/news/regulation/paxos-seeks-occ-charter-to-national-trust-bank-546546d9
2025-08-14,2025-08-14,The Defiant,Coinbase Ventures Buys Toncoin Directly From Telegram, TON Foundation Says,https://thedefiant.io/news/blockchains/coinbase-ventures-buys-toncoin-directly-telegram-ton-foundation-says-e2be86ec,https://thedefiant.io/news/blockchains/coinbase-ventures-buys-toncoin-directly-telegram-ton-foundation-says-e2be86ec
2025-08-14,2025-08-14,The Defiant,Trump Directs Congress to Develop U.S. Strategic Bitcoin Reserve,https://thedefiant.io/news/regulation/trump-directs-congress-to-develop-u-s-strategic-bitcoin-reserve-12b32a8e,https://thedefiant.io/news/regulation/trump-directs-congress-to-develop-u-s-strategic-bitcoin-reserve-12b32a8e
2025-08-14,2025-08-14,The Defiant,Solana AI Tokens Look to Mount Comeback,https://thedefiant.io/news/nfts-and-web3/solana-ai-tokens-look-to-mount-comeback,https://thedefiant.io/news/nfts-and-web3/solana-ai-tokens-look-to-mount-comeback
2025-08-14,2025-08-14,The Defiant,Mill City Ventures Boosts Sui Token Holdings to 82 Million,https://thedefiant.io/news/blockchains/mill-city-ventures-boosts-sui-token-holdings-to-82-million-a2b08d1d,https://thedefiant.io/news/blockchains/mill-city-ventures-boosts-sui-token-holdings-to-82-million-a2b08d1d
2025-08-14,2025-08-14,The Defiant,Crypto Rally Extends as Ethereum Breakout Lifts Markets,https://thedefiant.io/news/markets/crypto-rally-extends-as-trump-401k-order-ethereum-breakout-lift-markets,https://thedefiant.io/news/markets/crypto-rally-extends-as-trump-401k-order-ethereum-breakout-lift-markets
2025-08-14,2025-08-14,The Defiant,Thiel-Backed Bullish Upsizes IPO to $990 Million Amid Strong Demand,https://thedefiant.io/news/cefi/thiel-backed-bullish-upsizes-ipo-to-990-million-amid-strong-demand-19a8b395,https://thedefiant.io/news/cefi/thiel-backed-bullish-upsizes-ipo-to-990-million-amid-strong-demand-19a8b395
2025-08-14,2025-08-14,The Defiant,MicroStrategy Adds 155 Bitcoin, Treasury Nears 629,000 Tokens on Fifth Anniversary,https://thedefiant.io/news/blockchains/microstrategy-adds-155-bitcoin-treasury-nears-629000-tokens-on-fifth-anniversary-28bf3756,https://thedefiant.io/news/blockchains/microstrategy-adds-155-bitcoin-treasury-nears-629000-tokens-on-fifth-anniversary-28bf3756
2025-08-14,2025-08-14,The Defiant,El Salvador Launches Bitcoin Investment Banks Under August 7 Law With $50M Capital, Bukele Leads, Bitcoin Education for Students,https://thedefiant.io/news/regulation/el-salvador-launches-bitcoin-investment-banks-under-august-7-law-50m-capital-63050c5b,https://thedefiant.io/news/regulation/el-salvador-launches-bitcoin-investment-banks-under-august-7-law-50m-capital-63050c5b
2025-08-14,2025-08-14,The Defiant,LayerZero Proposes $110 Million Buyout of Stargate Bridge and Token,https://thedefiant.io/news/defi/layerzero-proposes-110-million-buyout-stargate-bridge-token-b131b30e,https://thedefiant.io/news/defi/layerzero-proposes-110-million-buyout-stargate-bridge-token-b131b30e
2025-08-14,2025-08-14,The Defiant,MicroStrategy Marks Five Years in Bitcoin With New 155-Coin Purchase,https://thedefiant.io/news/blockchains/microstrategy-marks-five-years-bitcoin-new-155-coin-purchase-1a812ba2,https://thedefiant.io/news/blockchains/microstrategy-marks-five-years-bitcoin-new-155-coin-purchase-1a812ba2
2025-08-14,2025-08-14,The Defiant,ALT5 Sigma Raises $1.5 Billion for WLFI Treasury, Adds Eric Trump as Board Director,https://thedefiant.io/news/tradfi-and-fintech/alt5-sigma-raises-1-5-billion-adds-eric-trump-wlfi-backed-deal-bc737081,https://thedefiant.io/news/tradfi-and-fintech/alt5-sigma-raises-1-5-billion-adds-eric-trump-wlfi-backed-deal-bc737081
2025-08-14,2025-08-14,The Defiant,SEC Drops Ripple Appeal Signaling Shift in Crypto Regulation — But Uncertainty Remains,https://thedefiant.io/news/regulation/sec-drops-ripple-appeal-signaling-shift-in-crypto-regulation-but-uncertainty-remains,https://thedefiant.io/news/regulation/sec-drops-ripple-appeal-signaling-shift-in-crypto-regulation-but-uncertainty-remains
2025-08-14,2025-08-14,The Defiant,Pendle Rallies on the Back of KHYPE Market Success,https://thedefiant.io/news/defi/pendle-rallies-on-the-back-of-khype-market-success,https://thedefiant.io/news/defi/pendle-rallies-on-the-back-of-khype-market-success
2025-08-14,2025-08-14,The Defiant,BlackRock Says It Has No Plans for XRP or Solana ETFs,https://thedefiant.io/news/tradfi-and-fintech/blackrock-says-no-plans-xrp-or-solana-etfs-2195052f,https://thedefiant.io/news/tradfi-and-fintech/blackrock-says-no-plans-xrp-or-solana-etfs-2195052f
2025-08-14,2025-08-14,The Defiant,Brown University Doubles Bitcoin Stake to $13 Million via BlackRock ETF,https://thedefiant.io/news/tradfi-and-fintech/brown-university-doubles-bitcoin-stake-to-13-million-via-blackrock-etf-9f199319,https://thedefiant.io/news/tradfi-and-fintech/brown-university-doubles-bitcoin-stake-to-13-million-via-blackrock-etf-9f199319
2025-08-14,2025-08-14,The Defiant,Circle Mints About $1 Billion in USDC After Flurry of Treasury Moves,https://thedefiant.io/news/cefi/circle-mints-1-billion-usdc-after-flurry-treasury-moves-e952bcff,https://thedefiant.io/news/cefi/circle-mints-1-billion-usdc-after-flurry-treasury-moves-e952bcff
2025-08-14,2025-08-14,The Defiant,Ethereum TVL Hits All-Time High as ETH Rallies,https://thedefiant.io/news/markets/ethereum-hits-all-time-high-tvl-of-usd300-billion,https://thedefiant.io/news/markets/ethereum-hits-all-time-high-tvl-of-usd300-billion
2025-08-14,2025-08-14,The Defiant,ETH Briefly Breaks Above $4K for the First Time Since December,https://thedefiant.io/news/markets/eth-briefly-breaks-usd4k-for-the-first-time-since-december,https://thedefiant.io/news/markets/eth-briefly-breaks-usd4k-for-the-first-time-since-december
2025-08-14,2025-08-14,The Defiant,Ethereum’s Buterin Presses for Faster L2 Withdrawals to Curb Bridge Reliance,https://thedefiant.io/news/infrastructure/ethereum-buterin-presses-for-faster-l2-withdrawals-to-curb-bridge-reliance,https://thedefiant.io/news/infrastructure/ethereum-buterin-presses-for-faster-l2-withdrawals-to-curb-bridge-reliance
2025-08-14,2025-08-14,The Defiant,Aave’s Net Deposits Exceed $60B, up 55% in July,https://thedefiant.io/news/defi/aave-net-deposits-exceed-usd60b-up-55-in-july,https://thedefiant.io/news/defi/aave-net-deposits-exceed-usd60b-up-55-in-july
2025-08-14,2025-08-14,The Defiant,China Orders Brokers to Halt Stablecoin Promotion Amid Cooling Drive,https://thedefiant.io/news/regulation/china-orders-brokers-to-halt-stablecoin-promotion-amid-cooling-drive-aead55d6,https://thedefiant.io/news/regulation/china-orders-brokers-to-halt-stablecoin-promotion-amid-cooling-drive-aead55d6
2025-08-14,2025-08-14,The Defiant,Animoca Brands, Standard Chartered, and HKT to Pursue Hong Kong Stablecoin License Under New Ordinance,https://thedefiant.io/news/regulation/anchorpoint-financial-limited-formed-animoca-brands-standard-chartered-hkt-to-b40377de,https://thedefiant.io/news/regulation/anchorpoint-financial-limited-formed-animoca-brands-standard-chartered-hkt-to-b40377de
2025-08-14,2025-08-14,The Defiant,Pumpfun Launches Glass Full Foundation to Inject $1.69 Million Liquidity, Support Memecoins, and Buy Back Tokens in Solana Ecosystem,https://thedefiant.io/news/blockchains/pumpfun-launches-glass-full-foundation-to-inject-1-69-million-liquidity-support-d8ddc535,https://thedefiant.io/news/blockchains/pumpfun-launches-glass-full-foundation-to-inject-1-69-million-liquidity-support-d8ddc535
2025-08-14,2025-08-14,The Defiant,El Salvador Plans World’s First Bitcoin Bank,https://thedefiant.io/news/blockchains/el-salvador-plans-worlds-first-bitcoin-bank-70881270,https://thedefiant.io/news/blockchains/el-salvador-plans-worlds-first-bitcoin-bank-70881270
2025-08-14,2025-08-14,BitMEX 博客,如何利用加密货币期货和现货进行套利,https://blog.bitmex.com/zh_cn-how-to-arbitrage-with-crypto-futures-and-spot/,https://blog.secure.prod.bitmex/?p=56578
2025-08-14,2025-08-14,BitMEX 博客,Ethereum’s Stunning Surge: Will the Rally Continue?,https://blog.bitmex.com/ethereums-stunning-surge/,https://blog.secure.prod.bitmex/?p=56711
2025-08-14,2025-08-14,BitMEX 博客,Treasury Company Advisory Agreements,https://blog.bitmex.com/treasury-company-advisory-agreements/,https://blog.secure.prod.bitmex/?p=56675
2025-08-14,2025-08-14,BitMEX 博客,Delisting of Illiquid Contracts – August 2025,https://blog.bitmex.com/delisting-aug2025/,https://blog.secure.prod.bitmex/?p=56664
2025-08-14,2025-08-14,BitMEX 博客,我们对 XBTUSD 永续合约的解读以及与其他加密货币交易产品的比较,https://blog.bitmex.com/zh_cn-a-look-at-our-xbtusd-perpetual-contract-and-comparison-with-other-crypto-trading-products/,https://blog.secure.prod.bitmex/?p=56595
2025-08-14,2025-08-14,BitMEX 博客,Stay Delta Neutral at BitMEX: Hyperliquid Airdrop Opportunities,https://blog.bitmex.com/delta-neutral-hyperliquid-airdrop-opportunities/,https://blog.secure.prod.bitmex/?p=56651
2025-08-14,2025-08-14,BitMEX 博客,加密货币衍生品如何降低交易对手风险,https://blog.bitmex.com/zh_cn-how-crypto-derivatives-products-reduce-counterparty-risk/,https://blog.secure.prod.bitmex/?p=56599
2025-08-14,2025-08-14,BitMEX 博客,如何在 BitMEX 交易加密货币永续合约,https://blog.bitmex.com/zh_cn-56573/,https://blog.secure.prod.bitmex/?p=56573
2025-08-14,2025-08-14,BitMEX 博客,如何在 BitMEX 上使用交易机器人,https://blog.bitmex.com/zh_cn-56604/,https://blog.secure.prod.bitmex/?p=56604
2025-08-14,2025-08-14,CoinDesk: Bitcoin, Ethereum, Crypto News and Price Data,DOGE Jumps 7% on $200M Whale Buys as Futures Bets Top $3B,https://www.coindesk.com/markets/2025/08/14/doge-jumps-7-on-usd200m-whale-buys-as-futures-bets-top-usd3b,014bd77f-96c3-48eb-951e-d7ceabe3d94f
2025-08-14,2025-08-14,CoinDesk: Bitcoin, Ethereum, Crypto News and Price Data,Who is Cashing Out of Bitcoin at Record Highs Above $120K?,https://www.coindesk.com/markets/2025/08/14/who-is-cashing-out-of-bitcoin-at-record-highs-above-usd120k,19971043-cb90-487d-b7db-2b996e4224b8
2025-08-14,2025-08-14,CoinDesk: Bitcoin, Ethereum, Crypto News and Price Data,Coinbase Loses $300K in MEV Exploit After Misstep With 0x Swapper Contract,https://www.coindesk.com/markets/2025/08/14/coinbase-loses-usd300k-in-mev-exploit-after-misstep-with-0x-swapper-contract,7e8c6e3d-ec09-4d33-99a2-e706b208973f
2025-08-14,2025-08-14,CoinDesk: Bitcoin, Ethereum, Crypto News and Price Data,XRP Breaks Key Resistance After Ripple-SEC Win — Is $8 Next?,https://www.coindesk.com/markets/2025/08/14/xrp-breaks-key-resistance-after-ripple-sec-win-is-usd8-next,09aa3ffc-98be-4a94-a7a1-1a22c5cf740f
2025-08-14,2025-08-14,CoinDesk: Bitcoin, Ethereum, Crypto News and Price Data,Bitcoin Crosses Google to Become Fifth-Largest Asset as Fed Rate Cut Bets Rise,https://www.coindesk.com/markets/2025/08/14/bitcoin-crosses-google-to-become-fifth-largest-asset-as-fed-rate-cut-bets-rise,4d9f74a6-1715-42d0-88fc-8e8729eb3fb2
2025-08-14,2025-08-14,CoinDesk: Bitcoin, Ethereum, Crypto News and Price Data,Asia Morning Briefing: Korea’s 'Onshore' Won Policy Could Hinder Its Stablecoin Ambition,https://www.coindesk.com/policy/2025/08/14/asia-morning-briefing-korea-s-onshore-won-policy-could-hinder-its-stablecoin-ambition,4be17275-6b4d-4d4b-887b-853297814d92
2025-08-14,2025-08-14,CoinDesk: Bitcoin, Ethereum, Crypto News and Price Data,Bitcoin Tops $122K, Eyes Fresh Record, With Ether Just 3% From 2021 ATH,https://www.coindesk.com/markets/2025/08/13/bitcoin-tops-usd122k-eyes-fresh-record-with-ether-just-3-from-2021-ath,867d340a-b91e-48ce-8886-a11c2a227681
2025-08-14,2025-08-14,CoinDesk: Bitcoin, Ethereum, Crypto News and Price Data,Ethereum Wallet MetaMask Will Likely Unveil Its Own Stablecoin this Week,https://www.coindesk.com/business/2025/08/13/ethereum-wallet-metamask-said-to-unveil-its-own-musd-stablecoin-this-week,2e7855b0-2d0d-491a-83ba-06a3ebd3b132
2025-08-14,2025-08-14,CoinDesk: Bitcoin, Ethereum, Crypto News and Price Data,Filecoin Gains 4%, Showing Strong Bullish Momentum,https://www.coindesk.com/markets/2025/08/13/filecoin-gains-4-showing-strong-bullish-momentum,2a63bd13-2d00-48f9-a2ec-ff4f5a07ba2d
2025-08-14,2025-08-14,CoinDesk: Bitcoin, Ethereum, Crypto News and Price Data,Crypto Platform Bullish Shares Debut Above $100, More Than Doubling IPO Price,https://www.coindesk.com/markets/2025/08/13/crypto-exchange-bullish-shoots-above-usd100-as-shares-debut-more-than-doubling-ipo-price,0aedebff-0d7d-4a56-b09b-ed4107ca19fc
2025-08-14,2025-08-14,CoinDesk: Bitcoin, Ethereum, Crypto News and Price Data,NEAR Rallies on Institutional Inflows, Surges Past Resistance Before Volatile Pullback,https://www.coindesk.com/markets/2025/08/13/near-rallies-on-institutional-inflows-surges-past-resistance-before-volatile-pullback,b4bffdbc-4458-4eae-bd1a-4da7da9ea2dd
2025-08-14,2025-08-14,CoinDesk: Bitcoin, Ethereum, Crypto News and Price Data,Institutional Frenzy Pushes Ethereum DEX Volumes Above Solana,https://www.coindesk.com/business/2025/08/13/institutional-frenzy-pushes-ethereum-dex-volumes-above-solana,73a36143-10f3-4c34-b1e0-47ae5bd11a5b
2025-08-14,2025-08-14,CoinDesk: Bitcoin, Ethereum, Crypto News and Price Data,BNB Nears Record High as Corporate Buyers Spur 4% Rally,https://www.coindesk.com/markets/2025/08/13/bnb-nears-record-high-as-corporate-buyers-spur-4-rally,ef3af67b-b528-467c-8124-1ec38f0e3bd5
2025-08-14,2025-08-14,CoinDesk: Bitcoin, Ethereum, Crypto News and Price Data,XRP Peaks at $3.33 on Double-Average Volume Before Quick Reversal,https://www.coindesk.com/markets/2025/08/13/xrp-peaks-at-usd3-33-on-double-average-volume-before-quick-reversal,d55ae5e8-f4b0-4be5-9d46-c6deaa4a5edb
2025-08-14,2025-08-14,CoinDesk: Bitcoin, Ethereum, Crypto News and Price Data,CoinDesk 20 Performance Update: Uniswap (UNI) Gains 6.5% as Nearly All Assets Rise,https://www.coindesk.com/coindesk-indices/2025/08/13/coindesk-20-performance-update-uniswap-uni-gains-6-5-as-nearly-all-assets-rise,b0e30469-1f13-4c85-88f8-4786363d58e0
2025-08-14,2025-08-14,CoinDesk: Bitcoin, Ethereum, Crypto News and Price Data,Decentralized Data Foundry Sapien Announces Token Generation Event on Base,https://www.coindesk.com/markets/2025/08/13/decentralized-data-foundry-sapien-announces-token-generation-event-on-base,57090e32-456e-47e7-ac8e-96860f4a6851
2025-08-14,2025-08-14,CoinDesk: Bitcoin, Ethereum, Crypto News and Price Data,Ether Price Target Lifted to $7.5K at Year-End and $25K in 2028 at Standard Chartered,https://www.coindesk.com/markets/2025/08/13/ether-price-target-lifted-to-usd7-5k-at-year-end-and-usd25k-in-2028-at-standard-chartered,9125aeb8-769d-4ec9-abfb-2b1199d54ac0
2025-08-14,2025-08-14,CoinDesk: Bitcoin, Ethereum, Crypto News and Price Data,ATOM Surges 8% as Institutional Volume Confirms Breakout,https://www.coindesk.com/markets/2025/08/13/atom-surges-8-as-institutional-volume-confirms-breakout,34e3f94b-9629-49d7-b6e0-a40e5fa4f998
2025-08-14,2025-08-14,Cointelegraph.com News,Ethereum is the ‘biggest macro trade’ for next 10-15 years: Fundstrat,https://cointelegraph.com/news/ethereum-the-biggest-macro-trade-over-the-next-10-15-years-fundstrat?utm_source=rss_feed&utm_medium=rss&utm_campaign=rss_partner_inbound,https://cointelegraph.com/news/ethereum-the-biggest-macro-trade-over-the-next-10-15-years-fundstrat
2025-08-14,2025-08-14,Cointelegraph.com News,AI agents will become Ethereum&#039;s ‘biggest power user’ — Coinbase devs,https://cointelegraph.com/news/ai-agents-ethereums-biggest-power-user?utm_source=rss_feed&utm_medium=rss&utm_campaign=rss_partner_inbound,https://cointelegraph.com/news/ai-agents-ethereums-biggest-power-user
2025-08-14,2025-08-14,Cointelegraph.com News,Bitcoin will either ‘Godzilla’ up or drop on ‘alt mania,’ Samson Mow says,https://cointelegraph.com/news/bitcoin-will-godzilla-up-or-sell-off-as-alt-mania-peaks-samson-mow?utm_source=rss_feed&utm_medium=rss&utm_campaign=rss_partner_inbound,https://cointelegraph.com/news/bitcoin-will-godzilla-up-or-sell-off-as-alt-mania-peaks-samson-mow
2025-08-14,2025-08-14,Cointelegraph.com News,Chainlink&#039;s back: LINK up 44% as traders eye ‘round 2’ rally,https://cointelegraph.com/news/chainlink-link-price-rally-crypto-analysts-speculate-next-move?utm_source=rss_feed&utm_medium=rss&utm_campaign=rss_partner_inbound,https://cointelegraph.com/news/chainlink-link-price-rally-crypto-analysts-speculate-next-move
2025-08-14,2025-08-14,Cointelegraph.com News,Trump Jr.-tied firm raises $50M for crypto, mining as Bitcoin peaks,https://cointelegraph.com/news/trump-jr-tied-firm-raises-50m-crypto-buys-mining-rigs?utm_source=rss_feed&utm_medium=rss&utm_campaign=rss_partner_inbound,https://cointelegraph.com/news/trump-jr-tied-firm-raises-50m-crypto-buys-mining-rigs
2025-08-14,2025-08-14,Cointelegraph.com News,Someone counter-hacked a North Korean IT worker: Here’s what they found,https://cointelegraph.com/news/someone-counter-hacked-a-north-korean-it-worker-here-s-what-they-found?utm_source=rss_feed&utm_medium=rss&utm_campaign=rss_partner_inbound,https://cointelegraph.com/news/someone-counter-hacked-a-north-korean-it-worker-here-s-what-they-found
2025-08-14,2025-08-14,Cointelegraph.com News,Here’s what happened in crypto today,https://cointelegraph.com/news/what-happened-in-crypto-today?utm_source=rss_feed&utm_medium=rss&utm_campaign=rss_partner_inbound,https://cointelegraph.com/news/what-happened-in-crypto-today
2025-08-14,2025-08-14,Cointelegraph.com News,Crypto lawyer signals challenge to NY AG with &#039;lawfare&#039; message,https://cointelegraph.com/news/crypto-lawyer-challenging-new-york-attorney-general?utm_source=rss_feed&utm_medium=rss&utm_campaign=rss_partner_inbound,https://cointelegraph.com/news/crypto-lawyer-challenging-new-york-attorney-general
2025-08-14,2025-08-14,Cointelegraph.com News,Bitcoin hits record high as traders expect liquidations to propel BTC above $125K,https://cointelegraph.com/news/bitcoin-hits-record-high-liquidations-propel-btc-125k?utm_source=rss_feed&utm_medium=rss&utm_campaign=rss_partner_inbound,https://cointelegraph.com/news/bitcoin-hits-record-high-liquidations-propel-btc-125k
2025-08-14,2025-08-14,Cointelegraph.com News,ETH transaction count rising amid $5K push, but competition erodes market share,https://cointelegraph.com/news/eth-transaction-count-rising-5k-push-competition-erodes-fees?utm_source=rss_feed&utm_medium=rss&utm_campaign=rss_partner_inbound,https://cointelegraph.com/news/eth-transaction-count-rising-5k-push-competition-erodes-fees
2025-08-14,2025-08-14,Cointelegraph.com News,Google Play’s new rules won’t affect non-custodial crypto wallets,https://cointelegraph.com/news/google-play-store-sets-new-licensing-rules-crypto-wallet-developers?utm_source=rss_feed&utm_medium=rss&utm_campaign=rss_partner_inbound,https://cointelegraph.com/news/google-play-store-sets-new-licensing-rules-crypto-wallet-developers
2025-08-14,2025-08-14,Cointelegraph.com News,SOL traders expect $250, but Solana data sends mixed signals,https://cointelegraph.com/news/sol-traders-expect-250-but-solana-data-sends-mixed-signals?utm_source=rss_feed&utm_medium=rss&utm_campaign=rss_partner_inbound,https://cointelegraph.com/news/sol-traders-expect-250-but-solana-data-sends-mixed-signals
2025-08-14,2025-08-14,Cointelegraph.com News,Altcoin Google searches hit highest since 2021 amid ETF, treasury moves,https://cointelegraph.com/news/altcoin-google-searches-highest-since-2021-etf-treasury?utm_source=rss_feed&utm_medium=rss&utm_campaign=rss_partner_inbound,https://cointelegraph.com/news/altcoin-google-searches-highest-since-2021-etf-treasury
2025-08-14,2025-08-14,Cointelegraph.com News,Canary Capital registers Trump Coin ETF in  Delaware,https://cointelegraph.com/news/canary-capital-trump-coin-etf-in-the-state-of-delaware?utm_source=rss_feed&utm_medium=rss&utm_campaign=rss_partner_inbound,https://cointelegraph.com/news/canary-capital-trump-coin-etf-in-the-state-of-delaware
2025-08-14,2025-08-14,Cointelegraph.com News,A16z Crypto and advocacy group call for NFT, DeFi app safe harbor at SEC,https://cointelegraph.com/news/andreessen-horowitz-defi-education-fund-sec-safe-harbor?utm_source=rss_feed&utm_medium=rss&utm_campaign=rss_partner_inbound,https://cointelegraph.com/news/andreessen-horowitz-defi-education-fund-sec-safe-harbor
2025-08-14,2025-08-14,Cointelegraph.com News,Bitcoin growth ‘remains exceptional’ as data shows BTC’s strongest phase just starting,https://cointelegraph.com/news/bitcoin-growth-remains-exceptional-as-data-shows-btc-s-strongest-phase-just-starting?utm_source=rss_feed&utm_medium=rss&utm_campaign=rss_partner_inbound,https://cointelegraph.com/news/bitcoin-growth-remains-exceptional-as-data-shows-btc-s-strongest-phase-just-starting
2025-08-14,2025-08-14,Cointelegraph.com News,Bullish stock surges 218% in NYSE debut as crypto enters Wall Street limelight,https://cointelegraph.com/news/bullish-nyse-ipo-crypto-demand?utm_source=rss_feed&utm_medium=rss&utm_campaign=rss_partner_inbound,https://cointelegraph.com/news/bullish-nyse-ipo-crypto-demand
2025-08-14,2025-08-14,Cointelegraph.com News,Norway’s sovereign wealth fund ups indirect Bitcoin exposure in 2025,https://cointelegraph.com/news/norway-sovereign-wealth-fund-bitcoin-exposure?utm_source=rss_feed&utm_medium=rss&utm_campaign=rss_partner_inbound,https://cointelegraph.com/news/norway-sovereign-wealth-fund-bitcoin-exposure
2025-08-14,2025-08-14,Cointelegraph.com News,Bitcoin bulls charge at all-time highs as trader says $126K &#039;pivotal&#039;,https://cointelegraph.com/news/bitcoin-bulls-charge-at-all-time-highs-trader-says-126k-pivotal?utm_source=rss_feed&utm_medium=rss&utm_campaign=rss_partner_inbound,https://cointelegraph.com/news/bitcoin-bulls-charge-at-all-time-highs-trader-says-126k-pivotal
2025-08-14,2025-08-14,Cointelegraph.com News,XRP futures OI jumps 20% as price charts target $6 in August,https://cointelegraph.com/news/xrp-futures-oi-rises-20-as-price-chart-targets-6-in-august?utm_source=rss_feed&utm_medium=rss&utm_campaign=rss_partner_inbound,https://cointelegraph.com/news/xrp-futures-oi-rises-20-as-price-chart-targets-6-in-august
2025-08-14,2025-08-14,Cointelegraph.com News,Ethereum should limit transparency for a fairer blockchain,https://cointelegraph.com/news/ethereum-transparency-for-a-fairer-blockchain?utm_source=rss_feed&utm_medium=rss&utm_campaign=rss_partner_inbound,https://cointelegraph.com/news/ethereum-transparency-for-a-fairer-blockchain
2025-08-14,2025-08-14,Cointelegraph.com News,Is Zora turning Ethereum L2 Base into a Solana killer?,https://cointelegraph.com/news/zora-ethereum-l2-base-solana-killer?utm_source=rss_feed&utm_medium=rss&utm_campaign=rss_partner_inbound,https://cointelegraph.com/news/zora-ethereum-l2-base-solana-killer
2025-08-14,2025-08-14,Cointelegraph.com News,Bitcoin institutional volume hits 75% on Coinbase in new BTC price signal,https://cointelegraph.com/news/bitcoin-institutional-volume-hits-75-on-coinbase-new-btc-price-signal?utm_source=rss_feed&utm_medium=rss&utm_campaign=rss_partner_inbound,https://cointelegraph.com/news/bitcoin-institutional-volume-hits-75-on-coinbase-new-btc-price-signal
2025-08-14,2025-08-14,Cointelegraph.com News,Ethereum core dev’s crypto wallet drained by malicious AI extension,https://cointelegraph.com/news/core-ethereum-devs-crypto-wallet-drained-ai-extension?utm_source=rss_feed&utm_medium=rss&utm_campaign=rss_partner_inbound,https://cointelegraph.com/news/core-ethereum-devs-crypto-wallet-drained-ai-extension
2025-08-14,2025-08-14,Cointelegraph.com News,Metaplanet outperforms Japan’s most liquid blue-chip stocks in 2025,https://cointelegraph.com/news/metaplanet-stock-2025-outperforms-topix-core-30?utm_source=rss_feed&utm_medium=rss&utm_campaign=rss_partner_inbound,https://cointelegraph.com/news/metaplanet-stock-2025-outperforms-topix-core-30
2025-08-14,2025-08-14,Cointelegraph.com News,BitGo backs Central Asia’s first spot Bitcoin ETF in Kazakhstan,https://cointelegraph.com/news/bitgo-spot-bitcoin-etf-kazakhstan-launch?utm_source=rss_feed&utm_medium=rss&utm_campaign=rss_partner_inbound,https://cointelegraph.com/news/bitgo-spot-bitcoin-etf-kazakhstan-launch
2025-08-14,2025-08-14,Cointelegraph.com News,Ether ‘marching’ toward all-time highs as traders predict $13K ETH price,https://cointelegraph.com/news/ethereum-marching-toward-all-time-highs-as-traders-predict-13k-eth-price?utm_source=rss_feed&utm_medium=rss&utm_campaign=rss_partner_inbound,https://cointelegraph.com/news/ethereum-marching-toward-all-time-highs-as-traders-predict-13k-eth-price
2025-08-14,2025-08-14,Cointelegraph.com News,Record $37T US debt and M2 money growth set stage for $132K Bitcoin,https://cointelegraph.com/news/trump-big-beautiful-bill-us-debt-record-37t-congressman-massie?utm_source=rss_feed&utm_medium=rss&utm_campaign=rss_partner_inbound,https://cointelegraph.com/news/trump-big-beautiful-bill-us-debt-record-37t-congressman-massie
2025-08-14,2025-08-14,Cointelegraph.com News,Twitter User Claims TradingView Has Ignored a Fibonacci Retracement Bug for 5 Years,https://cointelegraph.com/news/twitter-user-claims-tradingview-has-ignored-a-fibonacci-retracement-bug-for-5-years?utm_source=rss_feed&utm_medium=rss&utm_campaign=rss_partner_inbound,https://cointelegraph.com/news/twitter-user-claims-tradingview-has-ignored-a-fibonacci-retracement-bug-for-5-years
2025-08-14,2025-08-14,Decrypt,Ethereum ETF Inflows Outperform Bitcoin for the Third Day Straight,https://decrypt.co/335154/ethereum-etf-inflows-outperform-bitcoin-for-the-third-day-straight,https://decrypt.co/?p=335154
2025-08-14,2025-08-14,Decrypt,Crypto Market Conditions ‘Exceptionally Strong’ as Bitcoin, Ethereum, XRP Advance,https://decrypt.co/335152/crypto-market-exceptionally-strong-bitcoin-ethereum-xrp,https://decrypt.co/?p=335152
2025-08-14,2025-08-14,Decrypt,Estonian Banker's Lost Ethereum Wallet Now Holds Over $1 Billion in ETH,https://decrypt.co/335150/estonian-bankers-lost-ethereum-wallet-now-holds-over-1-billion-in-eth,https://decrypt.co/?p=335150
2025-08-14,2025-08-14,Decrypt,Biotech Stock Plunges on Bitcoin Plans as Ethereum Treasuries Stay Hot,https://decrypt.co/335127/biotech-stock-plunges-bitcoin-plans-ethereum-treasuries-stay-hot,https://decrypt.co/?p=335127
2025-08-14,2025-08-14,Decrypt,MetaMask Is Set to Unveil Plans for New Stablecoin: Source,https://decrypt.co/335090/metamask-unveil-plans-new-stablecoin-mmusd,https://decrypt.co/?p=335090
2025-08-14,2025-08-14,Decrypt,OKB Doubles in Price, Hits Record High as OKX Plans to Slash Supply,https://decrypt.co/335114/okb-doubles-price-hits-record-high-okx-plans-slash-supply,https://decrypt.co/?p=335114
2025-08-14,2025-08-14,Decrypt,Bitcoin Jumps to New All-Time High Price as Ethereum Nears Record,https://decrypt.co/335104/bitcoin-all-time-high-price-ethereum-nears-record,https://decrypt.co/?p=335104
2025-08-14,2025-08-14,Decrypt,From Coinbase to Ripple: The Biggest Crypto Cases Dumped by Trump's SEC,https://decrypt.co/308273/trump-sec-ending-crypto-lawsuits-investigations,https://decrypt.co/?p=308273
2025-08-14,2025-08-14,Decrypt,Ethereum ETF Flows in August Blow Past Post-Merge Token Issuance,https://decrypt.co/334996/ethereum-etf-flows-august-blow-past-post-merge-token-issuance,https://decrypt.co/?p=334996
2025-08-14,2025-08-14,Decrypt,Bullish Stock Roars in Latest Crypto IPO, Tripling Offering Price,https://decrypt.co/335089/bullish-stock-roars-latest-crypto-ipo-tripling-price,https://decrypt.co/?p=335089
2025-08-14,2025-08-14,Decrypt,Ethereum, Solana, Cardano Help Send Crypto Markets to Record $4.2 Trillion: Analysis,https://decrypt.co/335012/bitcoin-ethereum-solana-price-crypto-markets-4-2-trillion,https://decrypt.co/?p=335012
2025-08-14,2025-08-14,Decrypt,Pump.fun Is Back on Top and Solana Meme Coins Are Soaring: Here’s Why,https://decrypt.co/335006/pump-fun-back-on-top-solana-meme-coins-soaring,https://decrypt.co/?p=335006
2025-08-14,2025-08-14,Decrypt,Solana, Dogecoin Surge as Bitcoin Nears New All-Time High Price,https://decrypt.co/334985/solana-dogecoin-surge-bitcoin-nears-new-all-time-high-price,https://decrypt.co/?p=334985
2025-08-14,2025-08-14,Decrypt,Bitcoin Meme Coin Launchpad Odin.fun Loses $7 Million in Liquidity Exploit,https://decrypt.co/334986/bitcoin-meme-coin-launchpad-7-million-liqudity-attack,https://decrypt.co/?p=334986
2025-08-14,2025-08-14,Decrypt,ETH NEARS ATH, SOL BREAKS $200, PUMP BACK TO ICO PRICE,https://decrypt.co/videos/interviews/mdGKwXSM/eth-nears-ath-sol-breaks-200-pump-back-to-ico-price,https://decrypt.co/videos/interviews/mdGKwXSM/eth-nears-ath-sol-breaks-200-pump-back-to-ico-price
2025-08-14,2025-08-14,Decrypt,What is XRP? A Cryptocurrency Created For the Financial Sector,https://decrypt.co/resources/xrp,https://decrypt.co/?p=5709
2025-08-14,2025-08-14,Decrypt,Ethereum Could Soar to $25,000 by 2028: Standard Chartered,https://decrypt.co/334970/ethereum-25000-2028-standard-chartered,https://decrypt.co/?p=334970
2025-08-14,2025-08-14,Decrypt,North Korean Hackers Try to Get Hired at Binance Every Day—Here’s How They're Spotted,https://decrypt.co/334943/north-korean-hackers-binance,https://decrypt.co/?p=334943
2025-08-14,2025-08-14,Decrypt,Morning Minute: ETH Soars as BMNR Files to Buy $25B,https://decrypt.co/334937/morning-minute-eth-soars-as-bmnr-files-to-buy-25b,https://decrypt.co/?p=334937
2025-08-14,2025-08-14,Decrypt,Bank Groups Urge US Senate to Close Gaps in Country's New Stablecoin Law,https://decrypt.co/334930/bank-groups-urge-us-senate-to-close-gaps-in-countrys-new-stablecoin-law,https://decrypt.co/?p=334930
2025-08-14,2025-08-14,Decrypt,Estonian Founders of HashFlare Bitcoin Mining Scam Jailed for 16 Months,https://decrypt.co/334928/estonian-founders-hashflare-bitcoin-mining-scam-jailed,https://decrypt.co/?p=334928
2025-08-14,2025-08-14,Decrypt,Ethereum Liquidations Top $294 Million As ETH Approaches New All-Time High,https://decrypt.co/334924/ethereum-liquidations-top-294-million-as-eth-approaches-new-all-time-high,https://decrypt.co/?p=334924
2025-08-14,2025-08-14,Decrypt,a16z, DeFi Education Fund Want SEC Safe Harbor for DEX, Crypto Wallet Devs,https://decrypt.co/334915/a16z-defi-education-fund-want-sec-safe-harbor-for-dex-crypto-wallet-devs,https://decrypt.co/?p=334915
2025-08-14,2025-08-14,Decrypt,Solana and Chainlink Lead Crypto Rally With Double-Digit Gains,https://decrypt.co/334906/solana-chainlink-lead-crypto-rally-double-digit-gains,https://decrypt.co/?p=334906
2025-08-14,2025-08-14,Decrypt,What Treasury Secretary Bessent’s Call for a 50bps Cut in September Could Mean for Crypto,https://decrypt.co/334897/bessent-50bps-cut-september-mean-for-crypto,https://decrypt.co/?p=334897
2025-08-14,2025-08-14,Decrypt,CoreWeave Triples Revenue to $1.2B in Q2, Stock Tanks in After Hours Trade,https://decrypt.co/334894/coreweave-triples-revenue-q2-stock-tanks-after-hours-trade,https://decrypt.co/?p=334894
2025-08-14,2025-08-14,Decrypt,Musk’s Grok Bot Goes From Genocide Claims to Seeing Nazis in Puppies,https://decrypt.co/334880/musks-grok-bot-genocide-claims-nazis-puppies,https://decrypt.co/?p=334880
2025-08-14,2025-08-14,Decrypt,ETHZilla Ethereum Treasury Stock Skyrockets After Peter Thiel Buys Stake,https://decrypt.co/334835/ethzilla-ethereum-treasury-stock-skyrockets-peter-thiel-buys-stake,https://decrypt.co/?p=334835
2025-08-14,2025-08-14,Decrypt,ETH at $4,400, ETH ETFS $1B DAILY INFLOWS, TOM LEE ACQUIRES 1.2M ETH,https://decrypt.co/videos/interviews/wyfrjQNT/eth-at-4-400-eth-etfs-1b-daily-inflows-tom-lee-acquires-12m-eth,https://decrypt.co/videos/interviews/wyfrjQNT/eth-at-4-400-eth-etfs-1b-daily-inflows-tom-lee-acquires-12m-eth
2025-08-14,2025-08-14,Decrypt,ETH ETF INFLOWS ATH, CIRCLE & STRIPE PLAN L1S, CPI TODAY,https://decrypt.co/videos/interviews/XVDWEbcf/eth-etf-inflows-ath-circle-stripe-plan-l1s-cpi-today,https://decrypt.co/videos/interviews/XVDWEbcf/eth-etf-inflows-ath-circle-stripe-plan-l1s-cpi-today
2025-08-14,2025-08-14,Decrypt,ETH BREAKS THROUGH $4K, BTC NEARS ATH, PUNKS NOW $240K,https://decrypt.co/videos/interviews/GDw7fLk1/eth-breaks-through-4k-btc-nears-ath-punks-now-240k,https://decrypt.co/videos/interviews/GDw7fLk1/eth-breaks-through-4k-btc-nears-ath-punks-now-240k
2025-08-14,2025-08-14,Decrypt,SEC DROPS XRP CASE, ETH NEARS $4K AGAIN, GOLD HITS ATH,https://decrypt.co/videos/interviews/1JUcP9dr/sec-drops-xrp-case-eth-nears-4k-again-gold-hits-ath,https://decrypt.co/videos/interviews/1JUcP9dr/sec-drops-xrp-case-eth-nears-4k-again-gold-hits-ath
2025-08-14,2025-08-14,Decrypt,ETH NEARS $4K, TRUMP TARIFFS BEGIN, REKT HITS ANOTHER ATH,https://decrypt.co/videos/interviews/meyK3vhj/eth-nears-4k-trump-tariffs-begin-rekt-hits-another-ath,https://decrypt.co/videos/interviews/meyK3vhj/eth-nears-4k-trump-tariffs-begin-rekt-hits-another-ath
2025-08-14,2025-08-14,Decrypt,$PUMP REBOUNDS, CRYPTO EDGES LOWER, CHINA TESTING STABLECOINS,https://decrypt.co/videos/interviews/0AMccQun/pump-rebounds-crypto-edges-lower-china-testing-stablecoins,https://decrypt.co/videos/interviews/0AMccQun/pump-rebounds-crypto-edges-lower-china-testing-stablecoins
2025-08-14,2025-08-14,Decrypt,RATE CUT ODDS SOAR, PROJECT CRYPTO, TRUMP TARIFFS,https://decrypt.co/videos/interviews/Q6HuVGk9/rate-cut-odds-soar-project-crypto-trump-tariffs,https://decrypt.co/videos/interviews/Q6HuVGk9/rate-cut-odds-soar-project-crypto-trump-tariffs
2025-08-14,2025-08-14,Decrypt,Debunking XRP Myths With Ripple CTO David Schwartz,https://decrypt.co/videos/interviews/1T1b4LlF/debunking-xrp-myths-with-ripple-cto-david-schwartz,https://decrypt.co/videos/interviews/1T1b4LlF/debunking-xrp-myths-with-ripple-cto-david-schwartz
2025-08-14,2025-08-14,Decrypt,SOL LEADS MAJORS, HUGE ETF OUTFLOWS, PUMPFUN PROMISES CHANGES,https://decrypt.co/videos/interviews/hoTY417a/sol-leads-majors-huge-etf-outflows-pumpfun-promises-changes,https://decrypt.co/videos/interviews/hoTY417a/sol-leads-majors-huge-etf-outflows-pumpfun-promises-changes
2025-08-14,2025-08-14,Decrypt,VOLATILE WEEKEND, XRP LEADS REBOUND, TRUMP FIRES BLS CHIEF,https://decrypt.co/videos/interviews/DnxzisxU/volatile-weekend-xrp-leads-rebound-trump-fires-bls-chief,https://decrypt.co/videos/interviews/DnxzisxU/volatile-weekend-xrp-leads-rebound-trump-fires-bls-chief
2025-08-14,2025-08-14,Decrypt,BTC ATH MONTHLY, TRUMP SPOOKS MARKETS, ALTCOINS LEAD FALLS,https://decrypt.co/videos/interviews/QG5lc45Y/btc-ath-monthly-trump-spooks-markets-altcoins-lead-falls,https://decrypt.co/videos/interviews/QG5lc45Y/btc-ath-monthly-trump-spooks-markets-altcoins-lead-falls
2025-08-14,2025-08-14,Decrypt,CRYPTO BOUNCES BACK, FED HOLDS STEADY, REKT NEARS ATH,https://decrypt.co/videos/interviews/BM6jwZ1X/crypto-bounces-back-fed-holds-steady-rekt-nears-ath,https://decrypt.co/videos/interviews/BM6jwZ1X/crypto-bounces-back-fed-holds-steady-rekt-nears-ath
2025-08-14,2025-08-14,Decrypt,BTC STABLE, SEC ALLOWS IN-KIND REDEMPTIONS, FED DECISION TODAY,https://decrypt.co/videos/interviews/ioFCfFCR/btc-stable-sec-allows-in-kind-redemptions-fed-decision-today,https://decrypt.co/videos/interviews/ioFCfFCR/btc-stable-sec-allows-in-kind-redemptions-fed-decision-today
2025-08-14,2025-08-14,Decrypt,CRYPTOPUNKS SEE $8.2M IN TRADING VOLUME, CRYPTO MAJORS IN THE RED, PAYPAL ANNOUNCE "PAY WITH CRYPTO",https://decrypt.co/videos/interviews/VHGkYqN8/cryptopunks-see-82m-in-trading-volume-crypto-majors-in-the-red-paypal-announce-pay-with-crypto,https://decrypt.co/videos/interviews/VHGkYqN8/cryptopunks-see-82m-in-trading-volume-crypto-majors-in-the-red-paypal-announce-pay-with-crypto
2025-08-14,2025-08-14,Decrypt,PAYPAL EMBRACES CRYPTO, ALTCOIN TREASURIES BEGIN, STOCKS HIT ATH AGAIN,https://decrypt.co/videos/interviews/qfP9YlwR/paypal-embraces-crypto-altcoin-treasuries-begin-stocks-hit-ath-again,https://decrypt.co/videos/interviews/qfP9YlwR/paypal-embraces-crypto-altcoin-treasuries-begin-stocks-hit-ath-again
2025-08-14,2025-08-14,Decrypt,Why Tokenized Stocks are Important: A Breakdown,https://decrypt.co/videos/interviews/DlQzVrtc/why-tokenized-stocks-are-important-a-breakdown,https://decrypt.co/videos/interviews/DlQzVrtc/why-tokenized-stocks-are-important-a-breakdown
2025-08-14,2025-08-14,Decrypt,ALTCOINS LEAD RALLY, US-EU TRADE DEAL, NFTS & MEMECOINS SOAR,https://decrypt.co/videos/interviews/ywqboXnP/altcoins-lead-rally-us-eu-trade-deal-nfts-memecoins-soar,https://decrypt.co/videos/interviews/ywqboXnP/altcoins-lead-rally-us-eu-trade-deal-nfts-memecoins-soar
2025-08-14,2025-08-14,Decrypt,ETH LEADS, MONEY SUPPLY HITS ATH, PUNKS CONTINUE TO SURGE,https://decrypt.co/videos/interviews/t3trb4gJ/eth-leads-money-supply-hits-ath-punks-continue-to-surge,https://decrypt.co/videos/interviews/t3trb4gJ/eth-leads-money-supply-hits-ath-punks-continue-to-surge
2025-08-14,2025-08-14,Press Releases,SEC Launches New Statistics and Data Visualizations Webpage,https://www.sec.gov/newsroom/press-releases/2025-106-sec-launches-new-statistics-data-visualizations-webpage,8a397d70-c962-4321-afbb-cbf30b556ad1
2025-08-14,2025-08-14,Press Releases,Staff Issues FAQs to Help Broker-Dealers Implement Financial Responsibility Requirements Related to U.S. Treasury Clearing,https://www.sec.gov/newsroom/press-releases/2025-105-staff-issues-faqs-help-broker-dealers-implement-financial-responsibility-requirements-related-us,bf1a0471-9dc8-44ca-847f-8a5953148d17
2025-08-14,2025-08-14,Press Releases,Securities and Exchange Commission Division of Corporation Finance Issues Staff Statement on Certain Liquid Staking Activities,https://www.sec.gov/newsroom/press-releases/2025-104-securities-exchange-commission-division-corporation-finance-issues-staff-statement-certain-liquid,a181a922-ed30-4179-8cce-69a8d8cea332
2025-08-14,2025-08-14,Press Releases,SEC Creates Task Force to Tap Artificial Intelligence for Enhanced Innovation and Efficiency Across the Agency,https://www.sec.gov/newsroom/press-releases/2025-103-sec-creates-task-force-tap-artificial-intelligence-enhanced-innovation-efficiency-across-agency,4e12eac5-bd42-490e-a20f-958300ceb52a
2025-08-14,2025-08-14,Press Releases,On the Road: SEC Crypto Task Force to Host a Series of Roundtables Across the U.S.,https://www.sec.gov/newsroom/press-releases/2025-102-road-sec-crypto-task-force-host-series-roundtables-across-us,56ef85a0-540d-498a-a800-47e1e20db2eb
2025-08-14,2025-08-14,Press Releases,SEC Permits In-Kind Creations and Redemptions for Crypto ETPs,https://www.sec.gov/newsroom/press-releases/2025-101-sec-permits-kind-creations-redemptions-crypto-etps,ffd9ccc0-8b95-445a-9bd2-027f18686c92
2025-08-14,2025-08-14,Press Releases,SEC Announces George Botic to Serve as Acting Chair of the Public Company Accounting Oversight Board,https://www.sec.gov/newsroom/press-releases/2025-100-sec-announces-george-botic-serve-acting-chair-public-company-accounting-oversight-board,4a58e213-2ef9-41bb-90c4-4ef036a1ddcd
2025-08-14,2025-08-14,Press Releases,SEC Announces Roundtable on Trade-Through Prohibitions,https://www.sec.gov/newsroom/press-releases/2025-99-sec-announces-roundtable-trade-through-prohibitions,3d19a78a-5df4-44e1-95da-a0ddc60b252a
2025-08-14,2025-08-14,Press Releases,SEC Charges Georgia-based First Liberty Building & Loan and its Owner for Operating a $140 Million Ponzi Scheme,https://www.sec.gov/newsroom/press-releases/2025-98-sec-charges-georgia-based-first-liberty-building-loan-its-owner-operating-140-million-ponzi-scheme,7403ed26-fa86-48a8-a2c3-c6510cbcf562
2025-08-14,2025-08-14,Press Releases,SEC Small Business Advisory Committee to Discuss Regulatory Framework for Finders and Continue Exploring Regulation A,https://www.sec.gov/newsroom/press-releases/2025-97-sec-small-business-advisory-committee-discuss-regulatory-framework-finders-continue-exploring,ed9267b7-9b09-43ba-a19d-0d971cfe0b8f
2025-08-14,2025-08-14,Press Releases,SEC Publishes Data on Broker-Dealers, Mergers & Acquisitions, and Business Development Companies,https://www.sec.gov/newsroom/press-releases/2025-96-sec-publishes-data-broker-dealers-mergers-acquisitions-business-development-companies,48114d0e-f5ab-4fdc-8d16-da66900c64c0
2025-08-14,2025-08-14,Press Releases,SEC Extends Compliance Date to Help Broker-Dealers Fully Test and Implement Daily Reserve Computation Requirement,https://www.sec.gov/newsroom/press-releases/2025-95-sec-extends-compliance-date-help-broker-dealers-fully-test-implement-daily-reserve-computation,44952e2b-2a60-4e07-91c8-11eb2aed6d87
2025-08-14,2025-08-14,Press Releases,SEC Office of the Investor Advocate Delivers to Congress Report on Objectives for Fiscal Year 2026,https://www.sec.gov/newsroom/press-releases/2025-94-sec-office-investor-advocate-delivers-congress-report-objectives-fiscal-year-2026,bf905546-b1b5-4683-a9aa-772564cbff8c
2025-08-14,2025-08-14,Press Releases,Regulators to Hold Outreach Event for Municipal Market Professionals,https://www.sec.gov/newsroom/press-releases/2025-93-regulators-hold-outreach-event-municipal-market-professionals,27d5d57e-ef9f-44e5-b366-0514d8727eca
2025-08-14,2025-08-14,Press Releases,Kevin Muhlendorf Named SEC Inspector General,https://www.sec.gov/newsroom/press-releases/2025-92-kevin-muhlendorf-named-sec-inspector-general,6f69c8a3-dabe-4f78-a653-fc479ffe2b29
2025-08-14,2025-08-14,Press Releases,SEC Announces Departure of David Saltiel,https://www.sec.gov/newsroom/press-releases/2025-91-sec-announces-departure-david-saltiel,dfce58b9-f6e2-4d5c-8da6-4e88d3a8418f
2025-08-14,2025-08-14,Press Releases,SEC Names Erik Hotmire as Chief External Affairs Officer and Director of the Office of Public Affairs,https://www.sec.gov/newsroom/press-releases/2025-90-sec-names-erik-hotmire-chief-external-affairs-officer-director-office-public-affairs,aefe9a58-0406-42f9-9c2d-461e8318ab25
2025-08-14,2025-08-14,Press Releases,SEC Names Kurt Hohl as Chief Accountant,https://www.sec.gov/newsroom/press-releases/2025-89-sec-names-kurt-hohl-chief-accountant,cf598e29-f392-4b06-8124-de88ba0d9121
2025-08-14,2025-08-14,Press Releases,Brian Daly Named Director of Division of Investment Management,https://www.sec.gov/newsroom/press-releases/2025-88-brian-daly-named-director-division-investment-management,81d4272f-6597-4a45-85b9-49c398e3619d
2025-08-14,2025-08-14,Press Releases,SEC Names Jamie Selway as Director of Trading and Markets,https://www.sec.gov/newsroom/press-releases/2025-87-sec-names-jamie-selway-director-trading-markets,79a54496-c40c-4a23-8761-d4ed0998aba4
2025-08-14,2025-08-14,Press Releases,Further Extension of Form PF Amendments Compliance Date,https://www.sec.gov/newsroom/press-releases/2025-86-further-extension-form-pf-amendments-compliance-date,a0dc6f4d-a55b-45e7-9c54-b33767672466
2025-08-14,2025-08-14,Press Releases,SEC Announces Agenda and Panelists for Roundtable on Executive Compensation Disclosure Requirements,https://www.sec.gov/newsroom/press-releases/2025-85-sec-announces-agenda-panelists-roundtable-executive-compensation-disclosure-requirements,416d03a1-cfb7-478b-be48-e38016ed7040
2025-08-14,2025-08-14,Press Releases,Natasha Vij Greiner Will Conclude Her Tenure as Director of Investment Management,https://www.sec.gov/newsroom/press-releases/2025-84-natasha-vij-greiner-will-conclude-her-tenure-director-investment-management,e30b8508-b0ac-44f5-979c-4736bcd52703
2025-08-14,2025-08-14,Press Releases,SEC to Resume Processing of Registration Applications From Swiss-Based Investment Advisers,https://www.sec.gov/newsroom/press-releases/2025-83-sec-resume-processing-registration-applications-swiss-based-investment-advisers,0f7afe01-2d0c-445c-9c37-45b5ba3f7522
2025-08-14,2025-08-14,Press Releases,SEC Solicits Public Comment on the Foreign Private Issuer Definition,https://www.sec.gov/newsroom/press-releases/2025-82-sec-solicits-public-comment-foreign-private-issuer-definition,da55ab08-a8fc-4587-99b1-1c79c96bbbc9
